{"stats":{"minecraft:killed_by":{"minecraft:creeper":2,"born_in_chaos_v1:corpse_fly":1},"minecraft:picked_up":{"gnumus:gnumus_doubloons":2,"minecraft:leather_chestplate":1,"minecraft:salmon":2,"minecraft:leather_leggings":1,"minecraft:wooden_pickaxe":1,"minecraft:oak_log":22,"minecraft:lily_pad":1,"minecraft:dirt":6,"minecraft:string":11,"minecraft:leather_boots":1,"minecraft:wheat_seeds":7,"minecraft:comparator":2,"minecraft:stone_pickaxe":1,"minecraft:phantom_membrane":1,"minecraft:stick":8,"minecraft:torch":2,"minecraft:redstone":1,"minecraft:leather_helmet":1,"minecraft:brown_carpet":2,"beachparty:rubber_ring_pelican":2,"minecraft:stone_sword":1,"minecraft:arrow":2,"minecraft:rotten_flesh":4,"minecraft:granite":13,"minecraft:saddle":1,"minecraft:bread":6,"minecraft:oak_sapling":4,"minecraft:cod":5,"minecraft:coal":17,"minecraft:cobblestone":31},"minecraft:dropped":{"minecraft:oak_planks":16,"minecraft:cod":2,"minecraft:leather_chestplate":1,"minecraft:wooden_pickaxe":1},"minecraft:custom":{"minecraft:interact_with_furnace":2,"minecraft:mob_kills":1,"minecraft:interact_with_crafting_table":3,"minecraft:leave_game":1,"minecraft:time_since_death":6832,"minecraft:sleep_in_bed":7,"minecraft:climb_one_cm":1427,"minecraft:time_since_rest":3794,"minecraft:sprint_one_cm":39141,"minecraft:damage_taken":1106,"minecraft:walk_one_cm":467641,"minecraft:drop":4,"minecraft:damage_dealt":330,"minecraft:fly_one_cm":7510,"minecraft:player_kills":1,"minecraft:open_chest":11,"minecraft:crouch_one_cm":888,"minecraft:play_time":108062,"minecraft:deaths":4,"minecraft:sneak_time":685,"minecraft:walk_under_water_one_cm":10403,"minecraft:jump":663,"minecraft:walk_on_water_one_cm":34558,"minecraft:total_world_time":108062,"minecraft:fish_caught":5,"minecraft:fall_one_cm":15731,"minecraft:horse_one_cm":188245},"minecraft:killed":{"minecraft:skeleton":1},"minecraft:mined":{"minecraft:comparator":2,"minecraft:brown_carpet":1,"minecraft:torch":1,"gravestone:gravestone":3,"minecraft:granite":16,"minecraft:grass_block":6,"minecraft:redstone_wire":1,"treechop:chopped_log":2,"minecraft:oak_log":8,"minecraft:coal_ore":20,"minecraft:cobweb":11,"minecraft:stone":28,"minecraft:oak_leaves":7},"minecraft:used":{"minecraft:stone_sword":1,"minecraft:redstone":1,"minecraft:stone_pickaxe":3,"minecraft:wooden_pickaxe":61,"minecraft:rotten_flesh":1,"minecraft:torch":2,"minecraft:dirt":6,"minecraft:comparator":2,"minecraft:crafting_table":2,"minecraft:granite":8,"minecraft:bread":2,"minecraft:wooden_sword":29,"minecraft:fishing_rod":27,"minecraft:cobblestone":25,"minecraft:brown_carpet":2,"minecraft:oak_sapling":4,"beachparty:rubber_ring_pelican":2},"minecraft:broken":{"minecraft:wooden_pickaxe":1},"minecraft:crafted":{"minecraft:wooden_sword":1,"minecraft:oak_planks":84,"minecraft:fishing_rod":1,"minecraft:crafting_table":2,"minecraft:wooden_pickaxe":2,"minecraft:stick":8}},"DataVersion":3465}