{"stats":{"minecraft:crafted":{"minecraft:wooden_sword":1,"minecraft:oak_planks":152,"minecraft:wooden_shovel":1,"minecraft:crafting_table":2,"minecraft:stick":4,"minecraft:wooden_pickaxe":2,"minecraft:stone_pickaxe":1,"minecraft:wooden_axe":1,"minecraft:stone_sword":1,"minecraft:white_bed":1},"minecraft:mined":{"minecraft:white_bed":1,"minecraft:iron_ore":4,"treechop:chopped_log":1,"minecraft:crafting_table":2,"minecraft:grass":9,"minecraft:grass_block":31,"minecraft:dirt":9,"minecraft:stone":8,"minecraft:oak_leaves":3,"minecraft:fern":1},"minecraft:used":{"minecraft:wooden_axe":1,"minecraft:stone_sword":50,"minecraft:apple":1,"alexsmobs:lobster_tail":1,"minecraft:stone_pickaxe":7,"minecraft:wooden_pickaxe":8,"minecraft:wooden_shovel":36,"minecraft:wooden_sword":31,"minecraft:dirt":14,"minecraft:crafting_table":3,"minecraft:oak_sapling":20,"minecraft:white_bed":1,"alexsmobs:animal_dictionary":1},"minecraft:killed":{"minecraft:sheep":3,"alexsmobs:lobster":2,"born_in_chaos_v1:zombie_bruiser":1},"minecraft:custom":{"minecraft:time_since_rest":69083,"minecraft:sprint_one_cm":23017,"minecraft:damage_taken":205,"minecraft:walk_one_cm":197925,"minecraft:mob_kills":6,"minecraft:damage_dealt":932,"minecraft:interact_with_crafting_table":5,"minecraft:fly_one_cm":5031,"minecraft:play_time":69083,"minecraft:walk_under_water_one_cm":4848,"minecraft:jump":222,"minecraft:leave_game":3,"minecraft:walk_on_water_one_cm":11814,"minecraft:time_since_death":69083,"minecraft:climb_one_cm":308,"minecraft:total_world_time":69083,"minecraft:fall_one_cm":3158},"minecraft:picked_up":{"minecraft:raw_iron":4,"minecraft:stick":10,"minecraft:crafting_table":2,"minecraft:oak_log":38,"minecraft:white_bed":1,"born_in_chaos_v1:pieceofdarkmetal":1,"minecraft:dirt":40,"minecraft:apple":4,"minecraft:wheat_seeds":3,"minecraft:oak_sapling":20,"minecraft:mutton":5,"minecraft:white_wool":3,"alexsmobs:lobster_tail":1,"minecraft:cobblestone":8}},"DataVersion":3465}