{"stats":{"minecraft:used":{"born_in_chaos_v1:corpse_maggot":1},"minecraft:picked_up":{"minecraft:stick":3,"born_in_chaos_v1:corpse_maggot":1,"minecraft:bone":3,"minecraft:arrow":2,"minecraft:wheat_seeds":2,"minecraft:oak_log":1,"alexsmobs:animal_dictionary":1},"minecraft:dropped":{"minecraft:bone":1},"minecraft:killed_by":{"minecraft:player":1},"minecraft:killed":{"born_in_chaos_v1:corpse_fly":1},"minecraft:custom":{"minecraft:time_since_rest":2030,"minecraft:crouch_one_cm":372,"minecraft:play_time":12915,"minecraft:sprint_one_cm":5568,"minecraft:walk_one_cm":41145,"minecraft:damage_taken":253,"minecraft:deaths":1,"minecraft:sneak_time":186,"minecraft:mob_kills":1,"minecraft:drop":1,"minecraft:jump":86,"minecraft:damage_dealt":379,"minecraft:leave_game":1,"minecraft:time_since_death":1993,"minecraft:total_world_time":12915,"minecraft:player_kills":1,"minecraft:fall_one_cm":1943,"minecraft:fly_one_cm":9928}},"DataVersion":3465}