{"stats":{"minecraft:killed_by":{"minecraft:player":1,"iceandfire:ghost":2},"minecraft:picked_up":{"born_in_chaos_v1:corpse_maggot":4,"minecraft:crafting_table":1,"minecraft:leather_chestplate":1,"minecraft:wheat":1,"gnumus:gnumus_doubloons":2,"minecraft:lilac":1,"minecraft:salmon":2,"minecraft:leather":5,"beachparty:raw_mussel_meat":33,"minecraft:flint":1,"minecraft:oak_log":40,"minecraft:paper":2,"minecraft:lapis_lazuli":28,"minecraft:dirt":13,"minecraft:string":21,"minecraft:cooked_mutton":1,"born_in_chaos_v1:intoxicating_decoction":2,"minecraft:white_carpet":1,"minecraft:bone":3,"beachparty:seashell":33,"gnumus:gnumus_horn":1,"minecraft:wheat_seeds":5,"minecraft:gold_nugget":10,"gnumus:packaged_goods":2,"minecraft:rabbit_hide":1,"minecraft:lectern":1,"minecraft:oak_planks":16,"minecraft:spruce_trapdoor":5,"minecraft:stick":2,"minecraft:raw_iron":26,"minecraft:oak_fence":1,"minecraft:torch":3,"minecraft:oak_pressure_plate":2,"minecraft:sand":1,"minecraft:redstone":1,"minecraft:white_bed":2,"minecraft:brown_carpet":3,"minecraft:rotten_flesh":15,"minecraft:granite":2,"minecraft:emerald":7,"minecraft:coal":4,"minecraft:oak_sapling":3,"minecraft:cod":3,"minecraft:mutton":1,"minecraft:iron_bars":5,"iceandfire:raw_silver":2,"minecraft:cobblestone":21,"minecraft:sunflower":1},"minecraft:custom":{"minecraft:interact_with_furnace":4,"minecraft:mob_kills":23,"minecraft:interact_with_crafting_table":9,"minecraft:open_barrel":3,"minecraft:bell_ring":26,"minecraft:damage_dealt_resisted":20,"minecraft:leave_game":2,"minecraft:time_since_death":20664,"minecraft:sleep_in_bed":8,"minecraft:climb_one_cm":1951,"minecraft:time_since_rest":3794,"minecraft:sprint_one_cm":237422,"minecraft:walk_one_cm":294582,"minecraft:damage_taken":1721,"minecraft:trigger_trapped_chest":2,"minecraft:drop":20,"minecraft:damage_dealt":4085,"minecraft:swim_one_cm":19008,"minecraft:talked_to_villager":6,"minecraft:fly_one_cm":242716,"minecraft:open_chest":15,"minecraft:crouch_one_cm":7333,"minecraft:play_time":128539,"minecraft:deaths":3,"minecraft:sneak_time":5011,"minecraft:walk_under_water_one_cm":13171,"minecraft:jump":1362,"minecraft:walk_on_water_one_cm":40054,"minecraft:total_world_time":128539,"minecraft:fish_caught":3,"minecraft:fall_one_cm":40746},"minecraft:dropped":{"minecraft:bread":5,"minecraft:wheat_seeds":4,"minecraft:stone_sword":1,"minecraft:salmon":1,"minecraft:leather_helmet":1,"minecraft:cod":1,"minecraft:leather_chestplate":1,"minecraft:torch":1,"minecraft:leather_boots":1,"minecraft:leather_leggings":1,"beachparty:rubber_ring_pelican":2,"minecraft:stone_pickaxe":1},"minecraft:killed":{"born_in_chaos_v1:zombie_clown":1,"alexsmobs:raccoon":1,"born_in_chaos_v1:decrepit_skeleton":2,"born_in_chaos_v1:maggot":5,"gnumus:gnumus_merchant":1,"minecraft:zombie":10,"born_in_chaos_v1:corpse_fly":1,"gnumus:gnumus_hunter":1},"minecraft:mined":{"minecraft:white_bed":2,"iceandfire:silver_ore":2,"minecraft:brown_carpet":4,"minecraft:crafting_table":1,"minecraft:oak_fence":1,"minecraft:spruce_trapdoor":5,"gravestone:gravestone":4,"biomesoplenty:bush":3,"minecraft:grass_block":7,"minecraft:white_stained_glass_pane":1,"minecraft:lectern":1,"minecraft:oak_pressure_plate":2,"minecraft:tall_grass":6,"beachparty:sand_seastars":34,"minecraft:lapis_ore":2,"minecraft:wall_torch":2,"minecraft:iron_ore":26,"minecraft:lilac":1,"minecraft:white_carpet":1,"treechop:chopped_log":1,"biomesoplenty:sea_oats":2,"minecraft:grass":4,"minecraft:coal_ore":1,"minecraft:oak_log":14,"minecraft:vine":1,"minecraft:iron_bars":5,"minecraft:sunflower":1,"minecraft:dirt":7,"minecraft:cobweb":19,"gnumus:fragile_gnumus_jug":2,"minecraft:stone":15,"minecraft:oak_leaves":5},"minecraft:used":{"minecraft:cooked_mutton":1,"minecraft:oak_fence":1,"minecraft:water_bucket":7,"webdisplays:keyboard":2,"minecraft:stone_sword":93,"minecraft:iron_bars":5,"minecraft:stone_pickaxe":35,"minecraft:oak_planks":2,"minecraft:leather_chestplate":1,"minecraft:chest":1,"minecraft:wooden_pickaxe":19,"luphieclutteredmod:luphie_cardboard_box_filled":1,"luphieclutteredmod:luphie_worn_dorado_cabinet":1,"luphieclutteredmod:luphie_darkwood_souther_flair_bed":1,"minecraft:torch":14,"minecraft:dirt":13,"minecraft:sand":1,"minecraft:crafting_table":1,"minecraft:white_bed":2,"luphieclutteredmod:luphie_mushroom_tv":1,"minecraft:granite":2,"born_in_chaos_v1:corpse_maggot":4,"minecraft:wooden_axe":36,"luphieclutteredmod:luphie_strawberry_armchair":1,"minecraft:bread":19,"luphieclutteredmod:pink_bicycle":1,"minecraft:spruce_trapdoor":5,"minecraft:iron_boots":1,"minecraft:fishing_rod":4,"minecraft:wooden_sword":22,"minecraft:cobblestone":11,"minecraft:brown_carpet":3,"minecraft:oak_sapling":3,"minecraft:bucket":8,"beachparty:raw_mussel_meat":2,"alexsmobs:animal_dictionary":2,"hamsters:hamster":7,"webdisplays:linker":4,"beachparty:rubber_ring_pelican":1,"webdisplays:screen":18,"hamsters:hamster_wheel":5},"minecraft:crafted":{"minecraft:wooden_sword":1,"minecraft:oak_planks":164,"minecraft:fishing_rod":1,"minecraft:crafting_table":1,"minecraft:wooden_pickaxe":1,"minecraft:bread":12,"minecraft:stick":8,"minecraft:stone_sword":2,"minecraft:stone_pickaxe":2,"minecraft:wooden_axe":1,"minecraft:chest":1,"minecraft:torch":12}},"DataVersion":3465}