{"stats":{"minecraft:killed_by":{"born_in_chaos_v1:dread_hound":1,"minecraft:zombie":1},"minecraft:mined":{"minecraft:grass":5,"minecraft:grass_block":2,"minecraft:dirt":1,"minecraft:oak_leaves":4},"minecraft:used":{"webdisplays:linker":14,"minecraft:cherry_sapling":5,"minecraft:cherry_wood":184,"webdisplays:keyboard":4,"brewery:patterned_carpet":7,"minecraft:smooth_quartz_slab":115,"minecraft:grass_block":230,"minecraft:cherry_slab":126,"minecraft:spruce_slab":3,"minecraft:cherry_trapdoor":24,"handcrafted:cherry_dining_bench":23,"minecraft:cherry_planks":1143,"minecraft:stone":69,"minecraft:smooth_quartz":166,"minecraft:beacon":2,"minecraft:smooth_quartz_stairs":97,"minecraft:pink_petals":313,"minecraft:diamond_block":32,"minecraft:dirt":1,"torchmaster:feral_flare_lantern":14,"minecraft:cherry_stairs":30,"minecraft:cherry_pressure_plate":12,"minecraft:oak_sapling":1,"minecraft:pink_stained_glass":171,"biomesoplenty:stripped_mahogany_log":1,"minecraft:egg":1,"minecraft:stripped_cherry_wood":230,"minecraft:pink_carpet":3,"minecraft:cherry_fence":95,"minecraft:cherry_log":108,"minecraft:bone_meal":19,"webdisplays:screen":166,"cozy_home:cherry_bench":19},"minecraft:killed":{"minecraft:chicken":1,"minecraft:spider":1},"minecraft:custom":{"minecraft:time_since_rest":45615,"minecraft:sprint_one_cm":93930,"minecraft:damage_taken":520,"minecraft:walk_one_cm":334632,"minecraft:mob_kills":2,"minecraft:drop":5,"minecraft:damage_dealt":302,"minecraft:interact_with_beacon":2,"minecraft:fly_one_cm":626955,"minecraft:crouch_one_cm":6279,"minecraft:play_time":181585,"minecraft:deaths":9,"minecraft:sneak_time":3697,"minecraft:jump":509,"minecraft:leave_game":5,"minecraft:time_since_death":45581,"minecraft:total_world_time":181585,"minecraft:fall_one_cm":3689},"minecraft:dropped":{"minecraft:dirt":2,"minecraft:grass":1,"minecraft:chicken":2},"minecraft:picked_up":{"minecraft:feather":2,"minecraft:chicken":3,"minecraft:dirt":5,"minecraft:wheat_seeds":4,"minecraft:grass":1,"minecraft:oak_sapling":1,"minecraft:egg":1}},"DataVersion":3465}