{"stats":{"minecraft:used":{"alexsmobs:animal_dictionary":1},"minecraft:killed":{"born_in_chaos_v1:decrepit_skeleton":1},"minecraft:custom":{"minecraft:jump":6,"minecraft:time_since_rest":14120,"minecraft:damage_dealt":352,"minecraft:leave_game":1,"minecraft:sprint_one_cm":950,"minecraft:play_time":14120,"minecraft:time_since_death":14120,"minecraft:walk_one_cm":10110,"minecraft:sneak_time":4,"minecraft:total_world_time":14120,"minecraft:mob_kills":1,"minecraft:fly_one_cm":997},"minecraft:picked_up":{"minecraft:bone":2,"minecraft:rotten_flesh":2}},"DataVersion":3465}