{"stats":{"minecraft:broken":{"minecraft:wooden_sword":1},"minecraft:used":{"farmersdelight:rich_soil":3,"minecraft:rotten_flesh":2,"farmersdelight:organic_compost":1,"minecraft:dirt":1,"minecraft:crafting_table":2,"minecraft:wooden_axe":10,"minecraft:flower_pot":1,"minecraft:oak_stairs":1,"minecraft:bread":4,"minecraft:wooden_sword":66,"alexsmobs:animal_dictionary":1,"minecraft:experience_bottle":1},"minecraft:picked_up":{"minecraft:crafting_table":2,"farmersdelight:rich_soil":3,"minecraft:wheat":1,"minecraft:oak_stairs":1,"minecraft:oak_log":5,"minecraft:dirt":1,"minecraft:string":29,"farmersdelight:organic_compost":1,"minecraft:bone":4,"minecraft:experience_bottle":1,"iceandfire:pixie_jar_empty":3,"minecraft:wheat_seeds":6,"minecraft:gold_nugget":48,"minecraft:oak_planks":4,"iceandfire:copper_nugget":42,"minecraft:white_bed":1,"biomesoplenty:flowering_oak_sapling":2,"minecraft:tnt":1,"minecraft:rotten_flesh":2,"minecraft:arrow":2,"iceandfire:lectern":1,"minecraft:oak_sapling":2,"iceandfire:silver_nugget":30},"minecraft:dropped":{"minecraft:wheat_seeds":2,"minecraft:oak_log":1,"alexsmobs:animal_dictionary":1,"minecraft:stick":3,"minecraft:arrow":2,"minecraft:bone":3},"minecraft:killed_by":{"minecraft:player":1,"iceandfire:ghost":1},"minecraft:killed":{"minecraft:skeleton":2,"born_in_chaos_v1:corpse_fly":1,"born_in_chaos_v1:dark_vortex":1},"minecraft:mined":{"iceandfire:pixie_jar_empty":3,"minecraft:white_bed":1,"farmersdelight:rich_soil":3,"farmersdelight:organic_compost":2,"iceandfire:copper_pile":6,"minecraft:crafting_table":2,"gravestone:gravestone":2,"iceandfire:lectern":1,"minecraft:oak_planks":4,"treechop:chopped_log":1,"minecraft:tnt":1,"minecraft:grass":4,"minecraft:oak_log":1,"iceandfire:silver_pile":9,"iceandfire:gold_pile":9,"minecraft:oak_stairs":1,"minecraft:cherry_leaves":3,"minecraft:dirt":1,"minecraft:cobweb":29},"minecraft:crafted":{"minecraft:wooden_sword":2,"minecraft:oak_planks":16,"minecraft:crafting_table":1,"minecraft:wooden_pickaxe":1,"minecraft:stick":12,"minecraft:wooden_axe":1},"minecraft:custom":{"minecraft:mob_kills":5,"minecraft:interact_with_crafting_table":2,"minecraft:open_barrel":3,"minecraft:pot_flower":1,"minecraft:leave_game":1,"minecraft:time_since_death":674,"minecraft:climb_one_cm":1002,"minecraft:time_since_rest":725,"minecraft:sprint_one_cm":60068,"minecraft:walk_one_cm":170050,"minecraft:damage_taken":696,"minecraft:drop":6,"minecraft:damage_dealt":1346,"minecraft:fly_one_cm":44043,"minecraft:player_kills":1,"minecraft:open_chest":11,"minecraft:crouch_one_cm":7661,"minecraft:play_time":45801,"minecraft:deaths":2,"minecraft:sneak_time":2338,"minecraft:walk_under_water_one_cm":308,"minecraft:jump":208,"minecraft:walk_on_water_one_cm":2392,"minecraft:total_world_time":45801,"minecraft:fall_one_cm":3251}},"DataVersion":3465}