{"stats":{"minecraft:mined":{"minecraft:grass_block":2,"minecraft:jungle_leaves":2,"minecraft:oak_leaves":1},"minecraft:custom":{"minecraft:jump":79,"minecraft:time_since_rest":6045,"minecraft:leave_game":1,"minecraft:walk_on_water_one_cm":2058,"minecraft:damage_taken":20,"minecraft:sprint_one_cm":8159,"minecraft:play_time":6045,"minecraft:time_since_death":6045,"minecraft:walk_one_cm":2121,"minecraft:climb_one_cm":1698,"minecraft:total_world_time":6045,"minecraft:walk_under_water_one_cm":936,"minecraft:fall_one_cm":2991,"minecraft:fly_one_cm":14503},"minecraft:picked_up":{"minecraft:dirt":2},"minecraft:used":{"alexsmobs:animal_dictionary":1,"minecraft:dirt":2}},"DataVersion":3465}