{"stats":{"minecraft:picked_up":{"fairylights:pennant_bunting":1,"biomesoplenty:lavender":317,"minecraft:pink_petals":1,"born_in_chaos_v1:monster_flesh":2,"minecraft:cherry_planks":1,"minecraft:oak_log":2,"fairylights:tinsel":4,"gnumus:gnumus_pouch_2":1,"biomesoplenty:tall_lavender":17,"minecraft:bone":3,"minecraft:rotten_flesh":11,"gnumus:gnumus_horn":1,"minecraft:wheat_seeds":43,"minecraft:spore_blossom":1,"minecraft:beef":3,"minecraft:iron_ingot":1,"gnumus:gnumus_chickpeas":5,"gnumus:mouse_skin":4},"minecraft:used":{"minecraft:moss_block":5,"webdisplays:linker":9,"minecraft:cherry_sapling":13,"minecraft:water_bucket":32,"fairylights:orb_lantern":7,"webdisplays:keyboard":2,"minecraft:smooth_quartz_slab":162,"minecraft:grass_block":68,"minecraft:cherry_slab":25,"luphieclutteredmod:luphie_pink_planks":74,"fairylights:tinsel":11,"minecraft:quartz_block":3,"minecraft:spore_blossom":2,"fairylights:meteor_light":3,"minecraft:cherry_planks":1425,"minecraft:stone":51,"biomesoplenty:lavender":22,"minecraft:cherry_leaves":51,"minecraft:smooth_quartz":203,"minecraft:beacon":18,"fairylights:heart_light":1,"minecraft:smooth_quartz_stairs":473,"minecraft:pink_petals":221,"handcrafted:cherry_bench":36,"minecraft:diamond_block":80,"torchmaster:feral_flare_lantern":19,"minecraft:cherry_stairs":9,"fairylights:pennant_bunting":2,"iceandfire:dragonsteel_lightning_sword":3,"minecraft:bucket":34,"minecraft:pink_stained_glass":302,"alexsmobs:animal_dictionary":1,"torchmaster:megatorch":1,"minecraft:stripped_cherry_wood":1,"minecraft:cherry_fence":158,"minecraft:cherry_log":178,"fairylights:flower_light":4,"minecraft:bone_meal":158,"webdisplays:screen":65},"minecraft:mined":{"minecraft:grass":3,"minecraft:tall_grass":5},"minecraft:dropped":{"minecraft:wheat_seeds":1,"minecraft:cherry_planks":1},"minecraft:custom":{"minecraft:time_since_rest":3968,"minecraft:sprint_one_cm":110388,"minecraft:walk_one_cm":324988,"minecraft:mob_kills":4,"minecraft:drop":2,"minecraft:damage_dealt":1140,"minecraft:interact_with_beacon":2,"minecraft:fly_one_cm":525161,"minecraft:crouch_one_cm":5724,"minecraft:play_time":120069,"minecraft:deaths":2,"minecraft:sneak_time":4201,"minecraft:walk_under_water_one_cm":268,"minecraft:jump":356,"minecraft:walk_on_water_one_cm":6285,"minecraft:time_since_death":3942,"minecraft:total_world_time":120069,"minecraft:fall_one_cm":2090},"minecraft:killed":{"born_in_chaos_v1:dread_hound":2,"gnumus:gnumus_hunter":1,"born_in_chaos_v1:zombie_bruiser":1}},"DataVersion":3465}